codigo,nombre_Cliente,direccion,telefono
6964892192,Daveta,81 Vernon Pass,125-579-0438
3856286411,Berny,6677 6th Park,464-517-8287
4209167185,Hamish,4 Porter Parkway,281-231-1527
534924182,Jen,64 Center Plaza,608-912-0080
9350743159,Mehetabel,2 Mayfield Lane,302-307-1510
5615640553,Joelie,28 Autumn Leaf Alley,332-145-1041
3369969963,Kiele,00 Killdeer Road,529-812-9793
9727480756,Magdalena,90 Fulton Alley,761-845-7977
6469650147,Addison,0155 Anderson Plaza,776-250-9394
3122773481,Flem,85 Express Avenue,376-515-4180
3127183119,Averell,6529 Ramsey Way,332-479-9620
7237299379,Delinda,9 Browning Point,848-897-6001
8463251595,Jennilee,5548 Kropf Place,115-708-5892
5157053746,Beckie,43614 Logan Hill,164-361-8978
2803904691,Ruthanne,6270 Prairie Rose Hill,186-144-7108
9520511539,Bryana,2707 Summer Ridge Hill,559-171-4082
4090061911,Terry,48 Farragut Point,535-676-2444
3034001568,Hewe,35 Coolidge Way,355-174-9827
6728445552,Nicko,6186 Porter Parkway,497-491-3678
659489384,Sheena,59 Kenwood Avenue,419-679-1421
4388702366,Valentia,952 Mayer Park,934-772-7087
4317173549,Kath,730 Surrey Way,333-842-9628
3092353064,Dalila,6 Bunker Hill Pass,621-279-5734
7774868143,Corrinne,83574 Almo Road,679-310-8131
2661543341,Gretchen,12615 Di Loreto Park,820-620-5233
9958156334,Annadiane,398 Esch Junction,504-226-1424
9764596126,Lenee,22411 Waubesa Parkway,622-945-6296
8363110884,Anne,45990 Milwaukee Terrace,259-219-4154
6071902479,Madeline,175 Meadow Valley Hill,577-818-9426
3221935684,Mollee,073 Cambridge Plaza,899-273-8592
7891876894,Patrice,63 Ridgeway Junction,114-977-5725
4651630634,Scarlet,82 Sachtjen Court,168-176-7684
9028809082,Noemi,2 Maywood Crossing,451-749-7243
8566138856,Madlen,65218 Golf Course Pass,525-364-8447
8811843553,Keefer,84216 Fordem Alley,150-793-7481
8845554945,Garrik,71291 Manitowish Way,773-439-5492
4057533435,Dari,00 Vidon Street,824-831-1783
6258457061,Derron,11 Springview Way,176-260-6928
2261230273,Sheeree,53 Roxbury Terrace,862-114-3302
5305742110,Denver,8 Morningstar Trail,950-140-8900
5520294674,Rosita,921 Manufacturers Street,463-897-4558
4615786212,Charlean,98798 Dwight Avenue,327-427-3365
1231383925,Dacia,9246 Maple Wood Alley,148-569-5843
2451143150,Bettina,69 Hermina Road,316-270-4720
5997212211,Solomon,639 Bartillon Place,682-762-9324
7822427296,Jacquelin,9 International Hill,356-769-9061
8981349118,Tove,96852 Sachtjen Circle,130-115-6385
4117642014,Vivianna,90 Pond Avenue,966-655-5968
6972464927,Madeline,8469 Jenifer Junction,233-506-7298
3458746196,Christoper,377 Badeau Road,594-276-0640
6596581713,Forester,522 Bellgrove Hill,636-664-2018
8240464130,Gordie,488 Ridgeview Court,401-374-2430
2298255962,Tripp,8305 Debra Crossing,851-380-8101
7110037665,Wilhelmine,186 Holy Cross Circle,331-463-6231
1832844544,Paule,16 Namekagon Parkway,829-368-3358
1471280411,Norean,9 Moose Park,344-479-0941
4559729492,Debbie,547 Upham Parkway,741-393-8755
4068140146,Ezri,9 Iowa Point,817-613-8183
8331517660,Tommy,047 Riverside Lane,928-946-0226
3777721999,Madlin,1348 School Lane,929-447-6858
3132177857,Chaim,8 Eggendart Plaza,366-323-7269
5162651702,Nadya,136 Linden Terrace,430-454-7695
5415272143,Romonda,163 Cherokee Place,192-761-9103
8093353976,Holly,8 Anhalt Place,140-887-2270
5258941906,Jennine,414 Petterle Terrace,716-259-9523
8609730093,Charity,4 Goodland Drive,735-849-4340
4928828755,Dyann,27 International Circle,755-908-1255
5025178339,Inness,8 Messerschmidt Alley,991-304-8965
4026204065,Papageno,0382 Butternut Pass,504-908-7009
6926287988,Cecil,5 Blaine Trail,218-173-4568
792920465,Leah,66 Thierer Circle,468-549-1012
7859231190,Garv,258 Montana Circle,582-470-6982
3030065359,Sheffie,232 Ridgeview Junction,608-216-2487
644375078,Maggy,4 Lerdahl Avenue,964-169-1256
2318372829,Kareem,0364 Division Pass,894-867-1516
8900993011,Jermaine,706 Becker Terrace,538-602-9053
3672839396,Bridgette,13 Dennis Plaza,617-474-4151
297458043,Stesha,111 Vera Junction,353-804-2787
9871424825,Lucita,7 Hallows Park,682-977-6402
7023146059,Jess,37860 Kingsford Drive,865-222-9797
8180783898,Sileas,5 Ronald Regan Avenue,233-481-9330
2019104792,Brittne,50 Arrowood Park,102-974-0108
4061109030,Roger,16925 Hermina Pass,207-237-6386
2875319337,Barbra,9 Graedel Park,511-241-0600
8227371116,Hermie,64 Kipling Drive,238-747-0154
9077806482,Talbot,4619 Dakota Trail,357-129-5211
123332559,Denny,500 Dawn Place,146-163-4989
6467947444,Lora,14 Del Mar Center,526-869-4203
2226811907,Damiano,3 Gulseth Court,650-528-9837
1211640256,Eadith,27 Jay Avenue,686-562-7148
8440000898,Sly,8 Bartillon Avenue,571-989-8816
5993631988,Phyllida,33 Homewood Way,991-838-2199
4794609396,Maurise,69 Clove Street,555-627-9193
7218132197,Jennica,718 Katie Court,320-556-7824
767348613,Horatius,4 Autumn Leaf Street,300-533-8030
9914882595,Avis,59 Warbler Place,850-259-2574
130859206,Cy,5959 Linden Place,147-299-3256
9330541712,Thomas,6132 Towne Hill,133-585-1314
608414131,Hanson,4744 Everett Street,791-602-7182
3988768006,Annelise,95137 Dovetail Center,647-382-7332
3668733538,Gonzales,0 Bobwhite Park,878-891-7194
3320876678,Serge,52 Merrick Road,569-137-8833
5373451223,Hedwiga,31582 Calypso Drive,913-495-4961
2144863091,Ynes,5007 Oak Valley Circle,502-382-2184
305269151,Yardley,86665 Crescent Oaks Center,389-685-7422
1178875415,Rockie,73 Carey Lane,339-365-0345
8719455046,Nevins,9440 Cambridge Crossing,513-545-6297
9434244293,Darnall,6980 Bowman Alley,866-675-1981
9899044717,Winnie,7 Lakewood Hill,316-616-8684
1515666581,Jemmy,5 Linden Point,703-303-3703
3508902285,Randi,4 Briar Crest Street,549-588-1197
6889563115,Hope,0337 Park Meadow Point,527-508-1347
4887408331,Jemmie,2735 Dexter Street,434-550-2980
3634843071,Eliza,65 Packers Hill,321-706-6565
7401035561,Amelina,855 Portage Trail,285-679-4500
4728472590,Verile,8813 Kedzie Street,133-115-8643
5887317582,Susanne,1904 Jana Park,258-321-8615
3883807354,Cleopatra,5859 Delladonna Circle,956-818-6308
7791931443,Galen,54 Pennsylvania Plaza,534-555-0388
4654906525,Keelia,1366 Sutherland Park,116-234-6637
6604028429,Gayelord,516 Holmberg Terrace,642-683-9888
5529507220,Kare,89 Graedel Lane,312-789-1662
2468661508,Trumaine,3 Hayes Alley,458-736-1716
4319072731,Emmie,04 North Alley,341-168-4039
2202265457,Prissie,865 Susan Street,633-483-5885
1052245099,Hyacinthia,7639 Hauk Court,516-105-7536
5927240631,Pennie,801 Mayfield Street,476-675-9618
6621404921,Ernestus,07302 Waywood Court,143-255-8415
6701947484,Walt,6 Springview Terrace,765-674-4936
2807053149,Henri,33 Eagan Crossing,150-990-7957
5944853921,Clark,6 Mockingbird Street,926-693-8614
3205128575,Michal,0 Haas Court,560-877-4132
8464722729,Christean,953 Burning Wood Junction,406-344-2876
4316078844,Delaney,06774 Ruskin Lane,177-619-7193
1344561306,Tomlin,029 Redwing Avenue,142-252-8921
4707741215,Reagen,917 Nova Place,854-680-1387
2422325688,Sandye,65608 Duke Parkway,521-591-2526
6344327804,Angelia,11 Lien Drive,157-635-8028
7189404708,Star,91 Dryden Trail,937-100-9774
5372958588,Byrle,2 Hazelcrest Drive,585-769-9853
9160574321,Alleyn,7570 Mallard Way,592-492-1913
264353250,Abbye,75867 Red Cloud Center,370-800-6412
7994806163,Brand,3313 Schurz Plaza,604-200-8946
9708640506,Dewey,524 Forest Plaza,575-717-8863
3911039441,Barbara-anne,1237 Melby Way,389-909-5072
2679694643,Kimmi,145 Kings Street,714-854-6324
5962125096,Hulda,57373 Mallard Pass,531-526-3550
1848668716,Jeanette,293 Chive Alley,354-419-4755
1642487880,Yorgo,994 Straubel Point,331-871-0549
8537436011,Durward,82638 Pine View Avenue,232-340-6535
9934098067,Astrix,577 Mallory Point,114-598-3895
5003610270,Jenine,3 Sommers Terrace,658-737-8917
5083316072,Cyrus,42 Knutson Way,769-472-5588
2221676610,Chester,323 Lunder Avenue,895-908-8194
706915070,Davide,69 Superior Street,903-578-1944
3125248043,Malachi,7191 Browning Hill,961-551-2280
3766328395,Erskine,36090 Springview Avenue,849-766-9205
2483126294,Linet,60 Arapahoe Crossing,946-493-4847
5297349419,Orella,56835 Shelley Road,796-410-8255
2979871958,Langsdon,6846 Florence Place,649-521-2386
5387526956,Ozzie,1 Commercial Drive,316-698-7449
7883375083,Sofia,989 Prairie Rose Road,152-300-1677
4143588897,Westbrook,15 Brentwood Plaza,675-978-6986
9883242646,Leodora,6 Fallview Terrace,258-658-1250
5141466906,Donna,37 Glacier Hill Pass,910-466-9185
7210400710,Lisetta,14702 Cottonwood Court,804-768-7061
9231449281,Clayborne,82 Riverside Avenue,917-119-9809
1549207199,Wallache,7 School Hill,116-179-8957
6576896085,Myranda,34 Cardinal Circle,911-945-8350
999374516,Leese,6 Fairfield Drive,926-102-5710
3968087372,Henryetta,2 Barnett Court,753-980-0623
3139170319,Ayn,302 Heath Place,436-396-4059
1801551723,Larissa,58 Oneill Plaza,507-881-6119
5143874963,Renaldo,14 Maple Wood Street,874-757-0478
938366076,Willem,83877 Northridge Lane,818-633-1129
6749725422,Mariya,6 Schurz Lane,749-927-7647
2474215611,Zachery,97 Ridgeway Trail,239-912-9994
5220786644,Drugi,5 Superior Avenue,712-576-8906
5428537795,Cassi,693 Helena Avenue,269-618-7576
5226153732,Arlana,56 Clemons Way,875-465-1326
6801614703,Rosamond,2 Clyde Gallagher Plaza,599-608-5234
3093647886,Patton,71118 Cascade Terrace,945-830-3423
7284343486,Britta,0318 Barnett Hill,503-442-2053
3305031662,Joann,538 Express Park,988-224-3936
26044625,Gaven,68 Graceland Parkway,289-533-2152
2565345755,Willetta,7 Riverside Road,773-264-8005
300961995,Gaby,87 Anzinger Street,347-490-0043
2863786008,Garry,2854 Hintze Avenue,703-768-8675
9813812648,Tracie,8299 Bowman Plaza,262-940-2695
1343848822,Skye,62703 Lakewood Gardens Street,412-424-7369
8723405007,Annnora,04 Esch Plaza,587-207-0968
7077723216,Wyn,6631 Larry Circle,561-377-5496
1649882459,Hamlin,7 Cherokee Parkway,446-230-2581
5431322281,Melina,59 Randy Hill,610-209-4117
7198693350,Haily,369 Oak Plaza,608-605-7382
3114418287,Ban,86 Grayhawk Pass,492-167-1848
162129041,Kylen,689 Homewood Drive,865-858-2078
3898546853,Daria,6 Roth Center,618-152-2363
1144796598,Puff,2 Lighthouse Bay Way,672-881-6643
8263423694,Zack,9030 Donald Court,833-262-3352
2343457719,Ina,55 Sundown Plaza,497-848-2467
2444145054,Zonnya,8 Ohio Circle,522-449-6519
8218582630,Micki,4170 Kim Center,444-184-5397
3794176227,Franklyn,51 Longview Center,306-666-2603
3620320535,Brandise,9 Carioca Lane,612-668-4942
632508256,Burke,866 3rd Junction,637-274-4858
4862572243,Abbot,2 Acker Pass,332-443-7653
6799067976,Demetrius,6 Maywood Point,378-634-5626
3817803419,Bradford,5868 Esker Street,736-656-6425
4937951092,Bethany,676 Pierstorff Terrace,481-281-5846
455371806,Hakim,95 Dayton Park,851-471-3073
5836377006,Burlie,17583 Corben Court,298-907-6066
3944158237,Farah,2 Dorton Alley,151-407-9475
2989705643,Rorie,2602 Prentice Circle,884-549-7178
941626393,Fred,773 Banding Hill,952-322-4237
1008509671,Kesley,747 Hovde Junction,237-618-9303
832427160,Boote,393 Pepper Wood Lane,216-662-4366
9949030609,Franky,1 Kipling Pass,115-421-6815
5589181666,Crichton,6195 Del Mar Center,636-837-0191
4021140913,Maximilianus,41760 Fairfield Way,513-481-9392
4035880426,Hillie,537 6th Street,659-566-1456
3705171259,Olympe,58 Thompson Trail,490-980-7811
7899156947,Orson,4173 Kinsman Place,262-923-1825
4251541413,Sibbie,73478 Merry Plaza,434-164-1752
1198673540,Kittie,154 Mesta Trail,217-484-2677
5460771528,Carry,7155 Fisk Road,558-393-5019
7277736745,Timothy,52832 Mallory Road,200-820-4587
6998967101,Clemmy,86 Moose Hill,156-168-7222
4981868375,Felicity,6 Washington Way,798-404-3318
7094149662,Geno,722 Helena Avenue,779-371-8185
9246555384,Dania,603 Lakewood Gardens Parkway,648-544-7129
2948648203,Jerrold,5163 Donald Terrace,576-469-6974
6861290211,Cassondra,4368 Steensland Crossing,273-875-9106
278494153,Hazlett,34904 Vidon Street,549-323-0882
3867480451,Julianna,3779 Grayhawk Street,814-666-1692
3676171268,Gordon,2836 Lillian Junction,292-409-8713
727291661,Kimbra,224 Chinook Avenue,508-564-7077
2749166691,Skipp,7401 Cascade Hill,863-858-4218
5790976964,Frederick,8422 Crowley Terrace,291-844-3404
9718547908,Tarrah,6 Nova Street,967-113-4804
977694712,Darleen,4 Colorado Center,787-275-5398
1994428252,Sasha,6 Dwight Park,465-232-2504
1110778201,Zachary,83 Loomis Trail,275-439-4632
8018849145,Tobiah,0834 Haas Way,129-905-2965
2735318206,Carrissa,93 Roth Alley,949-567-8982
2921248298,Raina,87 Towne Pass,638-381-6482
238402770,Cleavland,0533 Fuller Drive,396-990-4643
2697259740,Florrie,6844 Larry Court,719-958-1861
7344383152,Nick,269 Bunting Park,633-226-4985
541562029,Roseann,1 Pine View Point,264-114-7311
9154527252,Nataniel,890 Bluestem Point,786-514-5343
583923631,Ethan,34003 Helena Pass,505-438-0406
4645912186,Averil,39005 West Court,417-996-5901
4100980981,Sebastien,1 Vernon Avenue,413-663-9604
3304683607,Alaric,02 Basil Center,844-113-9951
6621432119,Egor,8 School Road,772-568-8981
3969634555,Gwenny,626 Pepper Wood Park,651-199-2011
4328868489,Linell,7342 Mallory Place,734-616-4182
9708729426,Ambur,01161 Killdeer Lane,642-827-5572
2091328839,Lisabeth,7 Russell Circle,635-787-3724
7857482749,Kerry,046 Fremont Street,307-670-8946
4966611865,Bartholemy,3004 Bultman Plaza,802-951-9572
6303928625,Yves,42093 Carpenter Road,182-210-0708
8586344885,Jesse,1106 Coolidge Terrace,997-127-4958
2894706758,Zitella,0 Burrows Drive,972-423-1043
2953339752,Odie,3944 Hallows Alley,583-979-7697
3977806181,Adda,5 Canary Hill,605-356-2279
1886588007,Diannne,6442 Warner Way,397-322-2587
5637311552,Bibbye,736 Schiller Court,368-434-9859
3636119710,Chiquia,1946 Maple Wood Parkway,152-716-9266
8372304777,Hannie,701 Tomscot Parkway,529-231-0426
8382232752,Myrtice,1864 Forest Dale Drive,602-106-5492
5821109310,Demetria,1 Bultman Lane,126-195-7261
1881748561,Perla,2532 Farmco Alley,903-151-2090
3041566591,Robert,7 Pierstorff Point,904-275-4653
9742200149,Briano,67 Mosinee Parkway,234-295-0365
5064050534,Masha,84 Lakewood Gardens Park,830-496-9538
6764147922,Corabelle,995 Scofield Trail,393-275-8289
7051123319,Muhammad,7109 5th Plaza,863-379-9032
7428525780,Sigfrid,2921 Blue Bill Park Court,427-471-3637
9157577749,Gracia,664 Green Avenue,249-631-6872
5581555869,Gianni,46537 Thompson Plaza,616-938-9427
9594979496,Ogdon,065 Bluestem Crossing,103-237-9841
9373070495,Chrystel,9330 Brickson Park Plaza,991-371-7976
2789125546,Heinrick,9774 Welch Place,507-671-9750
8489996172,Sanders,6195 Cascade Circle,227-167-6655
4102897895,Jeana,775 Karstens Avenue,203-403-2450
4325460888,Cheri,541 Village Lane,645-220-2900
1138486027,Ilysa,22079 Lindbergh Crossing,771-685-0508
1237709288,Amelina,66 Clarendon Circle,254-320-3237
6865727541,Shina,5309 New Castle Street,573-398-2080
6580459654,Quincy,1174 Sutherland Plaza,921-391-6210
8306460111,Man,646 Briar Crest Crossing,319-354-0311
4704128806,Phil,935 Pine View Street,848-682-9423
5731502420,Shela,245 Debs Lane,870-828-1587
6569005642,Cybill,16548 Merchant Crossing,944-911-4582
6641787893,Rivy,84 Algoma Street,796-160-8850
4048822381,Dar,79216 Porter Way,167-387-3188
8056309403,Hermione,7 Rigney Park,164-644-5508
5383928421,Geri,5 Nelson Junction,170-772-2569
2738941443,Karolina,5622 Holmberg Alley,730-786-6817
3742247190,Saba,662 Eggendart Avenue,246-128-4767
3759736491,Ulrick,6126 Tennessee Pass,695-211-1135
3942253836,Lind,5 Bunker Hill Lane,949-889-5052
9327331559,Kennan,510 Chinook Parkway,942-329-4208
2267573415,Milty,62 Butterfield Lane,557-770-1540
7940690841,Anabal,40047 Springs Point,625-126-3140
2954418427,Stefa,8075 Shopko Trail,677-293-6819
169395405,Francesca,23510 Farwell Alley,606-204-4089
9657866146,Edi,8 Burrows Lane,664-800-8719
2509192094,Staford,06748 Anniversary Point,569-464-2045
3506712063,Kirby,08650 Lien Trail,762-626-8761
8905124720,Monica,18 Glacier Hill Center,290-649-3246
5790328318,Brant,43058 Miller Lane,822-212-8877
2127026136,Laureen,970 Orin Trail,818-992-4868
3092762185,Giulio,8513 Buhler Avenue,507-316-9664
155374087,Issy,69341 Sheridan Alley,265-599-9526
7131059633,Estel,97896 Oriole Park,839-572-2839
6481014212,Karalee,134 Duke Alley,251-173-1587
8342411486,Gerhardine,7 Westridge Circle,999-369-1191
603896766,Worthy,4126 Holmberg Plaza,395-884-0531
8270093254,Florie,919 Bluestem Lane,831-729-1736
8011064525,Winona,1240 Village Green Point,398-225-4738
5653279498,Carmel,0 Maryland Way,557-740-0030
8950431610,Kathe,8829 Cascade Place,169-395-0164
7364014322,Sander,01 Prairie Rose Drive,512-625-7646
9281605961,Sidonia,81 Briar Crest Avenue,129-539-8283
3057594948,Pernell,2 Service Way,624-832-1480
9678833794,Demetris,1 Mosinee Point,156-609-9564
6672749500,Brook,83449 Oak Crossing,709-913-9558
8088327636,Dulciana,661 Kingsford Terrace,539-778-7197
3764137738,Dominica,189 Algoma Court,819-419-0247
8112601356,Marlow,163 Ronald Regan Plaza,939-386-0887
9191651077,Christiana,96 Kingsford Alley,550-158-2363
4428864582,Wynn,3104 Harbort Road,608-815-3337
1697031021,Dell,42790 Summer Ridge Center,717-630-9173
1465495479,Joyann,27328 Heffernan Terrace,616-992-2163
488840546,Perrine,791 Eagan Trail,317-369-7302
2268400204,Jermaine,00226 Oak Alley,978-649-5407
570496756,Rianon,37 Hovde Place,454-380-0983
2433855330,Geneva,0 Schiller Place,774-878-3202
1155921542,Zorah,93023 Pond Junction,862-643-8747
3243127475,Mario,9248 International Street,443-195-4697
1593315864,Rodrick,952 Shasta Court,383-993-6636
6566103465,Marlene,4 Warrior Drive,418-747-4786
9857579043,Hagen,4575 Texas Avenue,506-894-3073
4757446667,Isidor,297 Briar Crest Park,136-814-0809
8736648566,Maritsa,71 Westport Point,803-363-8579
9315817656,Etty,00 Westend Hill,302-414-3010
2679280326,Lilly,2680 Meadow Ridge Park,195-314-7698
7635290134,Neall,361 4th Center,710-271-3840
6251990295,Pam,45 Talisman Pass,844-563-9954
9228011203,Sissy,3 Dryden Lane,130-827-5127
760563675,Wanids,29 Coleman Avenue,375-981-0827
1906227586,Timmy,209 Elmside Place,325-975-8490
8201694031,Danna,45364 Prairieview Alley,977-404-5765
3465968492,Davida,54852 Florence Street,197-945-0588
7123611535,Geoffry,322 New Castle Street,864-297-2286
779720334,Iorgo,88626 Fordem Parkway,830-638-1820
2832693865,Sydney,50768 Blue Bill Park Pass,816-472-7528
2270085957,Ranna,269 Rusk Parkway,117-672-9883
8282745022,Betta,39 Orin Drive,407-382-4882
2103879570,Conrad,92 Kedzie Drive,128-566-5442
5722519987,Aland,31 Aberg Plaza,230-500-6559
9904288542,Grant,22463 Myrtle Avenue,808-985-1156
5232069624,Kandy,78 Debs Trail,275-386-5289
652800947,Sara,06 Blaine Court,289-932-1458
9288754466,Jordana,76 Corry Court,619-420-6605
1855677318,Jessamine,43326 High Crossing Circle,722-570-2205
8194922208,Shae,5 Jenifer Circle,690-521-7547
7402204359,Clark,56060 Almo Trail,895-524-5143
5807654064,Norry,9182 Forest Center,739-990-0665
4430302715,Malorie,52 Park Meadow Center,477-939-4904
3244827624,Pansie,231 Victoria Street,494-721-9825
9055533726,Arnaldo,5090 Haas Place,108-530-3177
267162677,Shelley,8630 Holy Cross Trail,376-624-7997
8735600179,Lusa,82880 Texas Place,920-153-4736
6970311155,Annora,895 Harbort Drive,705-255-5010
6224251347,Debee,6282 Charing Cross Pass,445-606-0990
8016742416,Vania,9 Leroy Drive,385-815-3602
6506905581,Clarabelle,5 Sheridan Center,964-415-2965
5918599967,Hermione,3804 Roxbury Way,486-481-0980
8177473387,Sigmund,920 Weeping Birch Parkway,524-362-3448
2435982658,Kirbie,97 Surrey Hill,991-327-4649
3527362436,Bernetta,06 Vermont Parkway,320-792-4600
3087537772,Darnall,50179 Corben Center,327-527-1883
2865653463,Sybilla,31 Harper Junction,297-536-5183
8274863305,Samaria,7 Meadow Vale Drive,978-785-2220
3939374873,Julissa,134 Memorial Plaza,487-775-1242
4466785511,Pyotr,3 Ridgeway Drive,108-461-4888
3823089455,Worthy,530 Eagle Crest Way,416-266-3283
3691411800,Oswald,166 Elgar Junction,415-112-5531
7425523930,Lyn,87 Bunting Parkway,210-293-3909
3179122234,Marquita,0 Dakota Parkway,872-969-9423
9990119376,Federica,9 Grasskamp Alley,178-502-4020
6209439187,Noelani,585 Barnett Junction,934-584-7194
4826509022,Sheri,60 Portage Parkway,349-107-1065
5945481858,Audry,58848 High Crossing Center,642-174-1023
3096653747,Shandee,64 Jenna Junction,817-833-6747
976620413,Nikolai,886 Hoffman Court,824-932-3419
3124645537,Archaimbaud,13578 Fairview Way,775-215-6703
9177917529,Felecia,1767 Nobel Hill,555-790-8560
8690223924,Kaleb,397 Meadow Valley Alley,178-394-9737
3579415808,Godfrey,803 Bay Point,769-228-5882
4934739726,Ulick,21 Hauk Alley,793-198-5219
2163746585,Anny,499 Charing Cross Parkway,610-758-3154
9093710230,Aubrette,0 Oak Parkway,832-526-0299
862734592,Simonne,1185 Fuller Avenue,864-714-9111
9378059651,Melessa,19 Golden Leaf Lane,713-827-6366
6336433315,Aldrich,2852 Rutledge Drive,664-633-2916
8580775833,Ware,61831 Dahle Road,243-175-6772
9936936175,Pattie,34361 Farragut Road,717-490-7566
2161244779,Terence,56 Bunting Park,936-368-4109
9293005670,Vanda,761 Drewry Crossing,191-621-6799
4483268775,Ninnetta,0716 Acker Street,223-213-1650
3565266457,Loralyn,34699 Beilfuss Road,466-361-9013
7752311723,Wendy,4846 Montana Pass,385-398-2733
9355698216,Elianore,6774 Leroy Park,429-329-6234
9808510183,Cassandre,5722 Forest Run Avenue,458-144-0818
574415475,Selma,65807 Northridge Street,744-182-2398
7653245641,Dody,239 Pankratz Point,525-384-9568
5700328801,Umeko,6 Swallow Circle,650-877-0309
5646660866,Adan,6 Johnson Drive,314-584-9082
8318010361,Robyn,7 Crest Line Place,728-229-0005
2614323330,Frankie,48 Debs Trail,898-631-7150
6025147485,Gherardo,36712 Hanover Trail,974-801-9034
6380133267,Jenilee,84685 Buena Vista Hill,506-809-0268
8587218808,Gray,59 Moose Junction,655-142-8824
9480709899,De,0 Truax Park,261-263-0921
2454732890,Gavra,3650 Anzinger Street,477-310-0987
2135566071,Lonny,81062 Ramsey Road,700-954-8597
3324882567,Bret,5 Toban Hill,597-919-7926
2884749608,Ernesta,92678 Algoma Parkway,234-700-5331
8000585332,Devina,3047 Luster Lane,825-447-1548
7910697236,Vladimir,18397 Anzinger Junction,861-794-6751
1945718684,Robby,30575 Porter Place,881-694-6537
8801719973,Raine,20602 Kings Place,377-290-8055
3547096642,Elspeth,53414 Duke Drive,595-551-3677
5208126737,Ferd,31617 Warrior Plaza,690-288-9139
4764757273,Arvin,38 Tomscot Hill,681-937-3651
4636862244,Russ,0 Lien Way,935-123-0610
5877863649,Liam,72 Caliangt Road,738-367-0972
1467213144,Herold,47871 Havey Parkway,493-927-2049
4300547106,Keane,82831 Mockingbird Avenue,976-527-5630
9420995291,Karel,612 Blaine Terrace,839-678-7330
2589065159,Dawna,5 Maywood Pass,136-429-3189
3905251787,Kit,01283 Pepper Wood Point,668-310-6416
5803272183,Dorice,3 Maple Wood Center,427-886-7168
3829841590,Vail,8946 Crescent Oaks Drive,579-153-2202
6001920303,Olivier,59706 American Ash Junction,260-367-5239
6948599443,Darin,87 Sycamore Pass,413-769-7486
9218851578,Guthrie,4 Graceland Terrace,680-468-5118
4762079332,Lorry,645 Moulton Pass,669-358-7754
8474119650,Brigida,6 Amoth Pass,195-665-0931
9248510507,Aleece,66 Kim Court,381-265-4134
2138200981,Lindsay,569 Comanche Lane,778-519-3599
7488599888,Taylor,810 John Wall Drive,451-895-2806
4024186957,Ignacio,8 Heffernan Terrace,370-968-1138
7249721607,Edith,1427 Ramsey Park,189-212-7667
6466842126,Mariette,539 Magdeline Lane,249-410-4386
1920478639,Darleen,25 Center Park,973-947-6822
3388977232,Billy,527 Victoria Road,251-231-9722
4302881763,Gran,2 Sherman Crossing,617-725-0960
7779084914,Kathi,8622 Warbler Drive,834-691-1193
780345940,Deirdre,085 Manufacturers Lane,308-325-2433
907749992,Garrot,9954 Sachs Point,706-681-4126
7888756042,Laraine,82677 Carey Lane,368-311-8266
6958754867,Violetta,45 Eagan Place,846-343-0690
6952116508,Bobine,297 Waubesa Circle,405-259-7870
7942158764,Matty,37 Village Green Center,244-404-4712
6596961591,Cheryl,8 Buhler Drive,968-778-6909
9041076336,Rory,8 Pepper Wood Alley,396-688-5604
7164070067,Rosalind,16 Anzinger Circle,305-325-6463
9218144367,Bettye,35056 Washington Drive,110-654-6909
3861838788,Therine,33704 Grover Road,773-572-9209
2195386525,Theadora,60 Clemons Lane,749-445-5331
6975982538,Virginia,448 Larry Trail,616-724-6588
9315305736,Jessie,5083 Hansons Way,822-445-2055
2239672757,Valenka,94753 Milwaukee Court,657-411-6871
8343773578,Celie,74218 Laurel Avenue,804-970-1880
4401018702,Babette,949 Dayton Court,413-428-1209
7645937068,Ag,3 Oak Valley Terrace,182-139-9570
1331465605,Sheffy,51 Menomonie Terrace,113-377-5665
1579763634,Cordy,0860 Kensington Park,981-452-1099
6874924346,Harmonie,5879 Sunbrook Way,540-790-2993
7321272486,Salli,3 Quincy Terrace,245-168-0960
516858343,Kali,496 Anzinger Plaza,787-686-7116
1898764980,Neddie,89121 Duke Crossing,244-694-7028
6675786059,Drucill,5947 Village Park,146-885-5640
4911029668,Emmy,9886 Continental Center,220-590-1940
1112907335,Luther,4 Northridge Avenue,687-414-2874
2643923197,Killian,8885 Katie Trail,673-880-2979
41911067,Gavan,9 Saint Paul Parkway,859-583-4998
3545127443,Joell,5 Dottie Pass,649-868-0091
4732117872,Gunter,586 Talmadge Court,694-379-9093
2642892786,Katee,52916 Cordelia Plaza,961-313-1963
3257181191,Gardy,744 American Hill,265-440-5301
7338172226,Starlene,5 Clyde Gallagher Junction,861-674-3467
4500311394,Jacinta,1 Logan Parkway,228-342-2100
6264780464,Tedi,27910 Crest Line Way,540-861-0427
8816114088,Kerstin,56888 Heath Road,108-365-0195
4086965798,Jinny,77 Thackeray Alley,537-207-1883
5211719565,Annnora,696 Hovde Street,945-212-7623
7390390735,Bili,9685 Columbus Avenue,546-687-2806
2206961636,Engracia,1 Waxwing Point,388-792-1383
5079024992,Patten,1 Thierer Parkway,801-106-6623
2225860947,Erhard,273 Pierstorff Center,803-922-2464
7978979253,Caleb,8 Clove Place,295-391-3484
3111296253,Padriac,425 Sunnyside Trail,845-283-6391
3553773855,Terrijo,97 Maple Trail,710-657-7363
9003624682,Eldin,504 Mesta Point,707-312-8204
7702840749,Leontyne,7425 Pankratz Street,196-738-3161
145630978,Beverlie,1416 Gina Hill,263-119-8115
1909626465,Diahann,28611 Anthes Crossing,971-999-6860
3830091656,Louis,3 West Trail,549-724-6934
9778993890,Junina,313 Steensland Avenue,157-867-8794
323186718,Fabiano,8 Redwing Avenue,154-620-3996
6082063341,Kingsley,2 Harper Alley,476-351-9527
9731612394,Clem,556 Lakewood Center,778-600-2524
1271604450,Piper,4898 3rd Court,804-385-1059
9731112103,Priscella,77318 Petterle Park,621-362-1191
9126200554,Laurene,35741 Moulton Trail,357-124-8877
5923259796,Marabel,945 Dryden Place,989-556-9952
4237337146,Wyatt,5248 Menomonie Hill,647-949-6969
2520251123,Xever,8 Lillian Pass,890-891-0700
6185766353,Chicky,03 Mallard Terrace,627-671-9968
1708812148,Forrest,363 South Park,881-893-5268
4198025479,Jarrod,9329 Amoth Lane,269-847-1990
510062911,Mariette,368 Chive Park,150-278-6814
286208555,Gar,57 Blaine Place,578-408-7885
8740676714,Spencer,33874 Morning Court,651-641-5891
2520039345,Cathrin,9924 Crescent Oaks Lane,520-739-7824
5977743343,Jewel,069 American Ash Road,266-827-8598
846313529,Junia,074 Clarendon Alley,681-842-2888
809115921,Dene,35 Almo Junction,782-879-6838
91603617,Yancy,81 Bay Hill,372-774-4689
6982032698,Merilyn,239 Randy Parkway,941-486-2121
3931948641,Lin,97766 Gina Circle,640-607-9819
8790316274,Kathlin,4 Stuart Drive,467-308-8492
7052011905,Alexine,63 Surrey Alley,951-641-3195
7153257683,Care,304 Huxley Crossing,811-407-7102
4392676617,Sheela,5397 Blackbird Lane,340-663-5877
8031096627,Tymothy,67060 Bultman Trail,283-950-5482
3548884849,Gibb,4248 Gateway Drive,680-262-2313
6413402970,Johnathan,0746 Oakridge Hill,715-986-8574
589201107,Ree,32 Banding Lane,217-282-2070
8728726022,Esther,867 Carpenter Way,851-925-4166
926208799,Huntlee,4479 Manufacturers Trail,113-726-1582
4307529650,Natalina,5 Esch Trail,932-714-5831
3408538212,Alie,536 Bobwhite Avenue,505-821-8024
2733482653,Bertie,24 Prairieview Street,667-885-3725
1668857685,Casey,848 Northfield Parkway,195-620-6881
6055482045,Elizabeth,41 Hoffman Way,634-225-7729
4844801708,Lennard,67437 Westport Street,905-344-0151
2999900635,Russell,28 Monterey Way,869-399-0098
995921903,Trey,75633 Lakeland Point,668-433-7026
8055847932,Jackie,31 Pepper Wood Center,430-148-1450
1972028979,Coralyn,68 Hanson Park,552-446-3738
6536341503,Del,675 Reindahl Way,751-959-5797
719465265,Trina,875 Pearson Circle,758-479-4515
6706236691,Alistair,1 Jenifer Trail,815-444-3113
537916938,Ciel,2 Warrior Avenue,194-196-7849
37626094,Luther,6868 Eagle Crest Center,340-591-1070
8060203002,Wilfrid,788 Mayer Drive,152-598-0813
441382207,Winnie,75164 Browning Street,190-356-0319
3720478157,Matilde,239 Namekagon Terrace,878-710-1265
4319845722,Leslie,04 Bartillon Plaza,410-927-1277
1085484025,Florrie,5 Springview Drive,553-762-0537
1660962595,Dilly,9688 Monument Point,998-557-8376
6900987605,Maribeth,742 Russell Drive,706-830-9010
7104184570,Gustaf,09 Westend Hill,590-505-1801
4906357210,Lorelei,3382 Helena Plaza,252-792-6553
127132171,Whitney,32 3rd Lane,135-331-3293
7740133620,Orly,8 Alpine Court,495-969-8077
1159088012,D'arcy,9 East Road,713-851-7639
617449813,Giffie,198 Acker Junction,802-461-1097
8418164263,Wallis,4864 Namekagon Plaza,344-419-0792
7869151882,Mauricio,98 Sundown Road,272-991-5507
2339471958,Gearard,4 Weeping Birch Point,798-439-7136
1627948112,Rodney,3 Wayridge Point,298-849-6216
4761880929,Franklin,3364 Warner Crossing,299-895-7628
6379845763,Daisi,02383 Bonner Park,626-570-5846
4643079630,Tedman,533 Novick Way,479-277-0631
9085292174,Niko,446 Scoville Park,900-825-1942
1782806822,Chet,38 Parkside Place,516-474-4488
5988096883,Sibby,347 Coleman Avenue,201-926-2543
7406192916,Carny,885 Fulton Court,289-707-0083
7169281260,Lorens,478 5th Circle,229-283-6180
8094133716,Portia,90660 Bobwhite Way,925-815-8084
9147661143,Jennifer,39 Farwell Plaza,893-605-8869
6739517452,Correy,3 Annamark Pass,240-139-5039
4461353885,Toddie,2414 Aberg Hill,203-550-2449
9822103204,Elenore,63012 Doe Crossing Point,755-766-8664
9830624366,Benjamen,3664 Sugar Point,315-547-4376
249659018,Spencer,5 Forest Run Way,775-530-6138
3097509941,Matthias,50264 Gina Street,332-456-8376
2752543816,Dido,663 Butternut Drive,480-499-7750
1992172714,Bale,768 Chinook Avenue,590-294-5806
9425695318,Roberta,3 Stoughton Alley,191-572-2757
3493531826,Osbert,49 Merry Hill,218-562-8351
2564851428,Luise,69498 Schiller Circle,561-962-6228
1640524371,Catie,32721 Mitchell Street,312-526-7382
8167244520,Somerset,14619 Barnett Pass,408-130-2125
7061644931,Gasparo,66521 Sycamore Alley,665-953-5652
5795835013,Maxi,4322 Blackbird Court,223-539-7717
3642266886,Alfonse,2736 Arapahoe Circle,241-914-1025
1267790334,Lanie,26 Kingsford Terrace,852-263-2621
8810602218,Celie,36755 Barnett Road,326-941-9223
5174580341,Gracia,37 Express Trail,270-201-9289
8950981076,Hermina,4 Texas Drive,901-832-2543
3728541370,Ginnie,7622 Del Mar Center,168-515-1546
1736874225,Granny,7 Lien Junction,272-117-6078
9533806184,Lucius,64 Laurel Trail,441-684-1541
698486714,Marta,2 Mosinee Circle,783-226-4392
8033214554,Sunny,75 Autumn Leaf Center,424-269-3219
2998554318,Debbi,68057 Florence Plaza,388-408-1469
241949114,Stephan,454 Bultman Center,972-932-1792
5861324174,Karoly,2953 Delladonna Avenue,283-912-5467
1637784791,Gibby,09 Evergreen Crossing,860-529-0040
8356624487,Merrily,650 Mcbride Street,968-571-3645
8389940582,Clemmy,5 Bay Hill,989-788-1211
5498696426,Rick,4968 Cottonwood Plaza,564-135-8918
5918544682,Dione,31622 Pine View Way,933-478-6222
6727558914,Jordana,941 Bowman Pass,264-186-3487
7872791471,Jayne,520 Almo Road,967-278-8204
9135174986,Quentin,79129 6th Crossing,146-747-4479
9298773641,Helge,84733 Cherokee Hill,135-598-5574
2823736204,Madge,5 Elmside Street,890-914-5442
3759809839,Derwin,75 Village Road,652-824-7955
5174187755,Simone,0981 Norway Maple Center,279-684-1073
4192164361,Conrade,372 Muir Drive,515-620-0838
6078646303,Emmi,59 Bobwhite Crossing,810-622-7673
731405005,Pierson,84159 Cordelia Hill,736-142-2351
8297199223,Killie,74787 Welch Trail,272-164-1636
6140187109,Boigie,05537 Mcbride Hill,502-205-0569
8782611165,Jourdain,7 Ronald Regan Pass,862-790-5589
4904273168,Berky,8 Sherman Lane,593-860-4912
9302923614,Hewitt,6184 Cordelia Point,303-731-1621
3816098630,Val,5634 Upham Plaza,195-832-5493
4759992499,Leeanne,0596 Waubesa Way,799-438-1259
7198247083,Brit,65327 Clyde Gallagher Park,703-179-3930
5466907634,Ursola,164 Maryland Lane,904-524-8667
4045816984,Ashla,3198 Shelley Road,474-513-5121
2807544142,Blakelee,04 Dexter Street,363-969-4442
8501580589,Jeanie,96 Shelley Lane,719-479-4508
491282028,Allx,0886 Vernon Drive,891-233-4594
8834341422,Kelsy,4503 Bunker Hill Plaza,394-407-5857
8461595505,Andreana,400 Cambridge Avenue,714-348-1487
3688394399,Geoffry,7 Manley Plaza,643-770-7643
503594040,Giovanna,52294 Hayes Road,527-832-3478
1963018478,Raine,3386 Buhler Parkway,336-709-1282
9531747555,Frannie,578 Mosinee Trail,213-854-0285
4366959011,Ange,741 Butterfield Pass,727-197-6793
5484025419,Korrie,1 International Pass,799-996-4102
8044940456,Fianna,22 Eastlawn Drive,368-241-4710
4004976316,Rollie,09153 Bay Plaza,245-379-8835
9792962107,Tedda,828 Susan Junction,780-929-6925
9863207187,Else,2411 Monument Alley,865-880-9673
4865516441,Robin,6103 Bluejay Point,602-403-5290
4153935883,Sadella,20579 Drewry Drive,546-801-6128
7113225306,Daphene,515 Northland Alley,209-360-7447
3608080279,Theresa,9 Monument Circle,572-353-7471
195009010,Natalee,31190 American Hill,398-532-3748
4338646055,Sibilla,18 Melody Junction,407-854-8106
7622665576,Daryl,81064 Orin Street,296-891-5362
3618613776,Faun,0391 Coleman Court,579-921-6698
8724613398,Marina,1595 Annamark Trail,980-615-8013
2772512029,Rubetta,1351 Petterle Hill,411-615-0367
1685907660,Roslyn,019 Elka Plaza,734-808-7404
8981264651,Carie,3 Emmet Street,865-266-1605
3166869832,Carney,32798 Barby Hill,423-655-8515
4211948253,Bel,28 Kennedy Place,762-664-2230
4912376752,Leonard,1 Bellgrove Alley,425-768-8541
1227521227,Broddie,3 Heath Street,735-550-3216
8935363561,Billy,387 Hovde Lane,372-978-5208
1345409338,Fawnia,93550 Onsgard Court,401-851-0811
2056115654,Dinah,60 Mariners Cove Drive,294-513-9646
9752440525,Angy,68 Summit Park,891-506-8454
1012985741,Mozelle,24400 International Drive,191-563-0265
1732352682,Steffie,00 Forster Avenue,476-494-0250
9295847490,Elinor,874 Boyd Circle,912-211-3272
2649678720,Terrance,3953 Saint Paul Center,710-642-3443
979746744,Rozalie,0363 Blackbird Hill,480-347-4231
7158640078,Hale,28522 Spenser Court,228-874-4630
47771836,Jammie,0 Bunting Park,362-327-4885
3170291769,Barry,27234 Shopko Junction,420-805-3530
5508238255,Kamilah,966 Vera Crossing,940-808-8658
8653727191,Franklin,1020 Tony Drive,600-216-9325
2394349972,Fiorenze,7 Swallow Lane,800-475-6658
8201137574,Junia,9 Northridge Hill,588-663-3515
7379568531,Darb,573 1st Crossing,870-278-9619
1896255051,Corbet,332 Killdeer Road,700-265-6639
9958957965,Pepe,4 Waxwing Street,917-118-2338
1539406407,Fredi,1112 Maywood Circle,585-330-2417
5286579213,Kirsteni,4 Eliot Point,928-654-2638
7920598362,Woodie,0228 Hooker Circle,752-908-3294
952033712,Ivar,4129 Montana Avenue,251-587-1922
2727611749,Tymothy,7128 Scoville Plaza,476-871-9194
3909810713,Sheppard,15 Northport Terrace,436-901-8133
1839369787,Winnie,479 Scoville Junction,502-457-0017
9076146292,Nesta,5454 Sunbrook Drive,568-192-6853
9702431573,Chad,658 Village Green Court,368-782-6919
4854900067,Roxana,1 Transport Lane,118-823-4450
834987880,Sammy,782 Hooker Alley,864-127-1978
4275329619,Peggie,428 Westend Drive,398-793-3220
1247825833,Branden,275 Eagan Parkway,356-399-2662
2371592323,Danie,50 Elmside Avenue,273-245-8325
1079596631,Natty,25 Grim Way,509-956-8169
5811298889,Carey,4 Reinke Street,523-653-0206
6423568421,Janel,30925 6th Lane,522-621-0671
3419800983,Kerry,2981 Susan Terrace,415-873-0690
1409065480,Mallissa,481 Brickson Park Court,990-108-1858
1070769010,Hurley,759 Crownhardt Hill,239-362-8682
1016891210,Dal,02 Merchant Drive,140-498-3777
2228087424,Fletcher,22 Brentwood Parkway,710-759-4959
1751478599,Craig,1 Mayer Parkway,202-580-0256
3479301029,Nannette,3 Lillian Street,427-251-5256
1301566349,Lauralee,94338 Springview Way,227-297-0793
1877787388,Ebeneser,2051 Hoard Terrace,855-578-4331
2922815765,Yvor,43 Bartelt Parkway,410-765-7639
9356259437,Bink,13 Donald Terrace,822-411-2380
7982421466,Kirbie,3112 Vidon Court,904-121-1411
9987112749,Eyde,36 Anniversary Place,162-395-6029
2864100770,Danell,4 Gale Plaza,780-514-7301
2052787240,Margot,6 Katie Alley,604-489-6378
7101802125,Aldric,97 Mitchell Pass,792-983-7984
5011981908,Lefty,147 Stuart Trail,669-819-0962
9584714376,Clio,63 Red Cloud Place,383-453-4102
7817965242,Walker,52608 Bartillon Avenue,280-213-1037
5671636329,Graeme,057 Bunker Hill Junction,918-621-8777
1819304108,Sven,140 Vernon Hill,293-823-3869
4016217997,Wilhelmine,21 Scoville Way,802-212-8408
1545732353,Isidora,42289 Roth Trail,128-430-4204
9821626645,Erica,85 Gerald Road,474-857-3395
1058501666,Steffi,501 Sheridan Point,869-770-3079
183048768,Dugald,112 Steensland Park,292-288-3657
5864296031,Torey,43889 Crownhardt Terrace,730-146-4353
9724046257,Forester,45381 Rowland Plaza,386-983-0344
5491517305,Paulie,6287 Chive Trail,375-221-2521
6215592889,Danica,8 Elka Junction,798-644-0487
7416748232,Glad,52966 Grayhawk Pass,895-310-0685
8785631345,Faythe,093 Starling Junction,921-856-1237
7908963676,Trev,86 North Center,226-935-7705
9134446818,Hervey,1739 High Crossing Crossing,821-775-0323
9829463052,Kerstin,3611 Vera Circle,610-683-8251
294942807,Joletta,90 Sherman Junction,704-514-3004
4894791722,Annis,0 Anzinger Drive,682-412-6713
678870721,Fleurette,71 Sauthoff Plaza,324-766-1436
5084657272,Daloris,06 Talmadge Hill,305-586-4802
3089426668,Neala,2 Buell Circle,488-897-2503
1204440794,Whittaker,3 Graedel Avenue,293-755-4692
239810007,Dorotea,235 Scofield Terrace,704-854-6162
1306745284,Mickie,58 Nova Center,118-166-1981
2855471249,Eugine,068 Raven Trail,486-289-0636
5609429544,Salaidh,5703 Mallard Park,774-173-2593
9701282809,Jean,0 Southridge Lane,225-569-5636
5288796467,Taffy,0 Northwestern Terrace,487-990-1810
23414405,Vonnie,36 Superior Hill,407-515-7921
8949347512,Cybil,2328 Myrtle Road,536-633-1825
6942925934,Dinah,24949 Grasskamp Court,975-194-6251
8558642524,Justinian,187 Northland Alley,652-443-5648
822108615,Krispin,2131 6th Pass,264-652-2612
595332617,Cad,79 Manitowish Circle,512-356-5903
8064934222,Oliviero,67872 New Castle Alley,568-115-2644
3449584502,Waly,0865 Dixon Street,189-130-6353
2202923020,Anet,0224 Clemons Parkway,215-928-8329
8060332856,Viole,1 Melody Street,719-992-8436
4034613947,Maurice,9436 Reindahl Crossing,188-127-4555
4048676989,Virgie,91 Farragut Center,823-713-7293
1175885703,Diena,6 Sutherland Terrace,837-245-2579
8659364805,Muffin,000 Homewood Point,133-189-5693
9575626451,Laurette,19 Old Gate Court,320-545-2229
5069283286,Abby,74558 Heffernan Avenue,256-320-2987
951166174,Blanche,199 Porter Plaza,993-556-5830
2653659743,Kellie,3 Chive Alley,481-909-1916
6018222655,Hetty,733 Bayside Point,351-831-1111
6579986387,Rube,7804 Nova Hill,595-800-8538
8614613210,Gerald,783 Kensington Junction,858-807-2667
5247013166,Radcliffe,7 Drewry Trail,234-975-0847
5251063261,Juditha,35 Delladonna Circle,290-156-6269
8273288056,Kerrin,3879 Declaration Drive,327-604-1258
3436623792,Floria,76 Sloan Point,400-997-3128
1814165088,Edwina,42681 Oxford Lane,442-476-9113
6046188865,Alexandr,0 High Crossing Parkway,326-657-8452
5982942227,Donny,76 Wayridge Junction,802-278-9571
179594699,Donielle,396 Buell Plaza,707-729-2113
7266777909,Randal,94156 Armistice Way,890-292-5795
2260266460,Arley,8 Mayfield Drive,402-295-7839
1359510184,Cosimo,63129 Ronald Regan Plaza,814-499-7354
8329090116,Kayley,5 Garrison Crossing,921-127-2402
6657643039,Jordana,61 Moulton Drive,449-815-5290
586022163,Aleen,61 Sutherland Center,511-856-4866
7327761187,Susanna,927 Pepper Wood Way,177-972-8593
452308097,Ebba,3797 Chinook Street,448-974-9828
4966859395,Lotty,17269 Homewood Parkway,434-368-4561
3193855340,Mei,62 Fieldstone Avenue,127-773-5074
2094489019,Zena,140 Boyd Avenue,840-112-2528
1817809636,Davidde,69358 Norway Maple Pass,488-706-0950
6873853070,Erin,46342 Dennis Way,714-294-7727
8914202178,Patty,7622 Lakewood Gardens Pass,346-638-1481
4931398006,Cornell,5 Thompson Crossing,284-142-7467
5661713495,Jarred,4023 Continental Crossing,801-780-0234
5382701040,Orelie,658 5th Park,444-660-1571
9202544697,Seana,18512 Victoria Road,395-318-6150
1872318622,Pamella,482 North Hill,208-999-3533
5676550732,Louella,37 Hoepker Avenue,893-971-4392
239214234,Artair,84 Garrison Place,359-685-1779
2918483915,Marmaduke,6 Wayridge Court,986-919-1563
1374098639,Mil,7240 Corscot Plaza,796-584-8717
8603820627,Rosemarie,7 Linden Hill,241-826-7607
3892570027,Mella,42401 Hayes Lane,369-923-5131
7741643215,Chevalier,89403 Sheridan Plaza,482-631-8833
776883453,Kiley,06 Northridge Trail,827-677-7442
8000938340,Jillana,5108 Westend Terrace,926-549-3352
4851447272,Milissent,0 Northview Junction,460-297-7926
1791978517,Guenna,8 Dennis Park,603-527-6480
7224863610,Edin,7457 Kings Lane,849-238-4026
7475643204,Stacee,60356 Rusk Crossing,795-685-8388
2079504061,Egbert,148 Macpherson Lane,627-484-0021
8247051761,Natalie,45 Sage Alley,362-265-6502
1929606591,Angelia,58 Cottonwood Center,280-272-7665
3969962927,Gamaliel,9 Melby Hill,590-520-0267
5166646126,Hazlett,0856 Trailsway Terrace,846-989-1311
2635704627,Giles,03785 Golf View Point,348-858-9154
2484461224,Carleton,20030 Parkside Court,932-348-0708
4320758188,Janela,0527 Spenser Terrace,993-198-5854
6722999297,Ange,4 Norway Maple Parkway,534-526-7353
7365095520,Lelia,08821 Springview Court,459-437-8085
9767554491,Fabio,6 Oak Drive,656-157-3937
8038275039,Arney,6298 Hagan Street,806-713-4230
9123996463,Claudianus,77 Chinook Pass,418-212-5548
8286250966,Tildie,5 Buhler Pass,531-397-4717
6745068540,Marianna,09 Longview Crossing,910-784-4929
1811021387,Kahlil,01485 Hazelcrest Way,463-839-5151
3269607946,Ezekiel,204 Stang Drive,424-783-4485
5304516834,Hugh,5185 Novick Pass,520-767-6417
6412086528,Baily,4449 Waxwing Trail,880-355-2351
805752153,Rosetta,0 Stang Alley,694-743-6199
340329793,Chickie,879 Sugar Center,726-204-0261
7976142933,Beverly,5962 Anniversary Circle,153-426-9725
3793569268,Devlen,00922 Arkansas Road,700-447-5650
6027811781,Gerard,91507 Roxbury Terrace,120-138-5230
9416438383,Lucio,2 Northfield Terrace,104-395-4531
8289857780,Reba,26 Toban Place,119-478-1241
5512770349,Jonie,49 Columbus Crossing,343-430-5262
4480763309,Tamarah,8 Grover Trail,286-488-1569
4116757357,Ramsey,56144 Charing Cross Hill,314-849-1498
1373346264,Reta,79 Hanson Lane,690-472-8339
6024844956,Oberon,67460 Clemons Road,675-722-4739
2744347612,Melony,21 5th Point,991-891-7741
4034572825,Joellyn,03 Village Trail,554-806-9928
5345434867,Ardelis,27657 Mallard Park,345-357-5477
9237960387,Glynis,7 Veith Drive,182-903-4677
3015637339,Llywellyn,23 Stephen Court,937-277-0198
9235529050,Bethanne,0066 Golf View Park,296-216-9697
3501608381,Andra,9 Havey Place,417-265-4210
7355750054,Gardener,191 Melvin Place,133-191-9040
5751754581,Olly,4 Meadow Valley Avenue,908-612-8757
1548986976,Clare,7 Warrior Court,955-432-2607
693459867,Tim,0 Scoville Alley,888-550-8423
5208633140,Abran,92 Sherman Park,941-240-2414
8239894763,Patrizio,6 Ilene Trail,911-485-8622
2047968550,Ban,515 Ridge Oak Hill,860-415-1486
5207158031,Hamil,7 Cambridge Center,417-130-8001
6029941992,Celie,270 Sauthoff Trail,228-686-0579
7853029829,Janeta,4162 Pennsylvania Crossing,532-651-2131
9321993614,Afton,59 Magdeline Avenue,136-397-6186
8132082737,Cherry,4 Eagle Crest Pass,816-182-2849
3272145087,Sherlocke,4 Petterle Court,520-454-9750
8200022412,Bernardo,6243 Merrick Trail,218-927-3367
4489450036,Lukas,75186 Longview Way,316-375-9953
875661904,Pincus,629 Cherokee Alley,150-918-2615
769018300,Melesa,438 Transport Road,383-957-9928
7089978702,Nathalia,35178 Orin Junction,808-821-2658
5310387692,Trixi,47 Bartelt Junction,438-263-4057
77728661,Welbie,9404 Farwell Trail,518-306-7183
1672676088,Ellis,45 Sauthoff Alley,905-785-4787
6960957818,Caryl,611 Fisk Terrace,117-707-9311
1380035368,Joe,5 Farmco Crossing,688-964-6439
9755848231,Andras,0337 Summerview Crossing,851-375-5059
6419712815,Blair,0600 Rutledge Crossing,117-675-0019
3538332576,Avivah,83 Rutledge Terrace,924-146-9192
972339132,Toddie,265 Porter Terrace,352-427-0585
3553624213,Leisha,3 Bobwhite Point,565-964-7478
5508960546,Orson,12 Eagan Crossing,595-791-6004
1868080943,Alidia,8 Everett Park,526-171-3639
5654589504,Elliott,56 Bluejay Junction,394-155-1241
157021122,Karleen,1 Barby Street,204-121-9729
2914635907,Teddy,38117 Manitowish Avenue,110-222-7861
9534945382,Ned,31686 Russell Street,780-575-3727
238928918,Allina,19612 6th Center,469-372-6096
2953277595,Gweneth,8 Artisan Avenue,310-970-7705
4303523291,Jordon,3584 Sheridan Trail,712-240-5194
7319534363,Tucker,448 Vermont Lane,425-975-6227
960256288,Lindi,6 Kedzie Plaza,640-579-8412
7371051211,Mag,46 Mandrake Street,771-355-9728
5922787802,Anestassia,9997 Di Loreto Center,343-415-8960
7340893253,Arney,229 Bayside Point,254-562-4565
9726829380,Enid,7012 Meadow Vale Alley,224-781-0571
4663200680,Louisa,179 Moland Parkway,697-739-1531
3508855317,Tobe,634 Browning Avenue,618-280-0390
9612809011,Pattie,51556 Hanover Court,902-722-9993
8947573736,Dita,3 Rusk Circle,180-191-8644
3713157928,Salmon,21871 Erie Road,253-623-5697
1357792557,Normie,55401 Bashford Road,679-796-9606
7147326121,Bastian,9 Prairie Rose Court,520-343-5344
6494522602,Artie,5 Melby Place,714-572-0295
7911418381,Wayland,21682 Hauk Center,594-378-4535
710917422,Meridith,2014 Debs Hill,311-133-6422
5960257998,Nessy,6008 Golden Leaf Avenue,651-760-8667
2029965251,Addy,5816 Bunting Court,739-214-7451
1374473863,Rheta,4 Longview Parkway,400-945-7857
5407933373,Stanton,07 Clemons Avenue,928-119-0121
1416442006,Lissi,6216 Eagan Point,248-428-7619
2825943827,Rosmunda,46 Becker Drive,819-318-8982
9086200397,Dawn,28 David Junction,719-527-0977
1715505212,Reina,604 Sunfield Crossing,398-807-6536
8733001456,Padraic,78 Golf View Park,181-378-8889
7362497075,Giles,58 Loeprich Road,568-845-1757
7135232968,Saw,45 Derek Hill,311-572-8805
8458103524,Quincy,815 Sauthoff Way,997-825-0469
1155470982,Neila,80545 Toban Hill,354-347-3496
2645527272,Darsie,6028 North Circle,708-580-1841
6092060566,Tiebout,99904 Schlimgen Drive,473-566-2367
6809903216,Bradney,8 Atwood Place,784-672-5744
651544645,Quentin,2185 Lakeland Plaza,728-865-9791
5076006438,Burk,5259 Mallory Court,637-592-9524
9891970256,Bekki,55373 Huxley Terrace,483-700-9996
744400368,Cynde,86903 Carberry Court,888-736-8472
912574437,Maiga,3 Portage Plaza,801-848-0790
2360934546,Delphinia,42239 Butternut Place,449-853-6906
2760334775,Devina,167 Lien Pass,681-676-4694
8911323225,Lyman,121 Bartelt Court,957-361-3841
278909159,Cornela,80 Londonderry Trail,280-272-4148
3168061735,Riccardo,2023 Luster Avenue,769-210-6188
664276555,Paula,112 Miller Place,768-329-7702
9914757677,Patrizio,6 1st Avenue,620-648-8266
443512256,Nappy,8112 Johnson Drive,227-130-8836
590436600,Anabelle,58218 Fulton Street,360-358-9338
763636800,Obidiah,94829 Melvin Park,563-733-9798
8124111529,Gasper,75984 Eastwood Crossing,338-623-6073
4439752853,Ina,62261 Cardinal Drive,778-103-0580
7010450595,Lurette,37777 Stang Hill,152-811-6883
9558140198,Ozzie,5328 Stang Center,433-927-5570
914661744,Melba,41 Aberg Circle,697-110-0589
8642050691,Agneta,04 Corry Circle,191-597-6197
6072867715,Lena,660 Hanover Drive,308-718-5511
9596602624,Silvie,6084 Hayes Parkway,421-518-2472
5738281276,Angeline,67 Killdeer Hill,339-928-7219
1142043894,Reagan,462 Main Center,379-690-1030
2582221090,Feliks,4424 Truax Lane,918-471-0954
5681350894,Gwyneth,78731 Ruskin Point,912-804-2342
1818081083,Eilis,8 Mccormick Pass,888-462-4923
6507200174,Frankie,2 Summerview Lane,178-314-3699
7152929459,Dorelia,7770 Red Cloud Center,411-335-2399
2017692611,Joan,90353 Sunbrook Street,805-681-2303
387074899,Curt,10 Anhalt Crossing,327-110-2012
6266171228,Morrie,68599 Gulseth Crossing,660-582-6631
5367197434,Ernestus,54151 Ridgeway Junction,919-811-5588
5716767761,Arielle,19 Cardinal Alley,916-420-6669
6788024219,Salvador,23 Helena Lane,602-967-0666
4976472817,Kathy,6330 Lyons Parkway,342-709-3704
1688929398,Conney,4994 Glendale Trail,976-791-9472
108298027,Gregory,66 Del Mar Plaza,669-712-2512
4281885668,Izzy,44 Sheridan Way,152-115-2795
1008353574,Lucien,57 Nova Center,646-247-1205
7378438022,Kliment,6 Saint Paul Way,835-691-0065
1232376310,Kathlin,304 Shelley Pass,892-489-1550
5046295350,Chastity,8130 Continental Center,737-993-1789
1453920706,Krystyna,682 Manitowish Trail,388-925-2906
6681231012,Lynn,30455 Dapin Junction,928-470-5386
4107047326,Harlin,7 Donald Crossing,913-758-5477
9710619624,Lilah,12 Northport Pass,126-822-6669
5838749539,Niki,75 Parkside Park,933-846-0555
5271345750,Donnie,6 Maple Wood Street,939-995-4632
623850303,Redford,760 Schlimgen Terrace,314-735-7853
6198509672,Lilian,86 Kings Plaza,830-796-8955
9143620337,Patty,9149 Acker Trail,199-976-4235
1300965541,Cassandre,4792 Gina Circle,459-339-5660
4531448774,Deanne,1729 Corben Parkway,742-219-7994
7949383534,Andria,3854 Bay Crossing,209-484-1898
5843642178,Bartolemo,8140 2nd Plaza,808-335-5228
6440403028,Celeste,12309 Texas Park,685-631-8171
1664726586,Amelia,12218 Algoma Terrace,910-576-0551
6078753541,Petrina,003 Darwin Road,475-569-2692
2818245672,Perri,18 Sunnyside Lane,923-591-5292
186080174,Scarlett,82 Express Street,397-462-2909
5797852217,Shannen,876 Hoffman Alley,241-164-9475
5469852059,Milena,4 Steensland Plaza,278-756-5920
2052402365,Dania,337 Westend Trail,165-452-0362
9126536951,Eleni,2791 Browning Pass,274-592-8483
8298598318,Jules,1269 Rutledge Pass,850-267-7666
4600549457,Andre,74370 Quincy Street,105-140-4674
4078286186,Ash,5619 Doe Crossing Plaza,814-141-1234
632718765,Boigie,93993 Gulseth Street,141-381-6957
37142461,Micki,34 Ludington Park,586-350-7233
5228890068,Gaultiero,2 Portage Point,756-423-1845
8061073773,Elset,1651 Maple Wood Avenue,805-487-7263
6768213636,Natty,6 Grover Pass,406-751-5924
9008530740,Christos,9 Paget Place,238-920-5839
